,Text,Label
0,LGBT: Covid-19 forced me back home where I'm 'unwanted',Real
1,Coronavirus: Brazil now fourth-highest nation in Covid-19 deaths,Real
2,Coronavirus: The misinformation circulating in Africa about Covid-19,Real
3,Coronavirus: How Turkey took control of Covid-19 emergency,Real
4,Friday's gossip: Werner's Chelsea move delayed by Covid-19,Real
5,Player who tested positive for Covid-19 now negative - Norwich,Real
6,Moscow more than doubles city's Covid-19 death toll,Real
7,Mumbai: How Covid-19 has ravaged India's richest city,Real
8,Coronavirus: Brazil judge orders Bolsonaro to publish full data,Real
9,Coronavirus: India to use 500 train carriages as wards in Delhi,Real
10,Novak Djokovic: World number one becomes latest tennis player to test positive for coronavirus,Real
11,How coronavirus tore through Britain's ethnic minorities,Real
12,Coronavirus and poverty: Is there a link?,Real
13,Coronavirus: Iran fears second wave after surge in cases,Real
14,Why this doctor's phone is her coronavirus helpline,Real
15,Navajo Nation: The people battling America's worst coronavirus outbreak,Real
16,"Coronavirus: Brazil becomes second country to pass 50,000 deaths",Real
17,Coronavirus: Trump terminates US relationship with WHO,Real
18,EFL: Threat of clubs going bust because of coronavirus not gone away - Rick Parry,Real
19,Coronavirus: How Covid-19 has changed the 'big fat Indian wedding',Real
20,Coronavirus: How map hacks and buttocks helped Taiwan fight Covid-19,Real
21,Dimitrov tests positive for coronavirus after playing in Adria Tour,Real
22,Coronavirus: Technicians held in Peru over false 5G Covid links,Real
23,Rapinoe withdraws from NWSL event amid coronavirus fears,Real
24,Coronavirus: Five reasons why it is so bad in Yemen,Real
25,Coronavirus: How a false rumour led to hate online,Real
26,Coronavirus: Italy prosecutors to quiz PM Conte on crisis,Real
27,Coronavirus: UN condemns Afghan healthcare attacks amid pandemic,Real
28,Coronavirus: France's ancient burial brotherhood defies Covid-19,Real
29,Coronavirus in Africa: Has Covid-19 disappeared from Tanzania?,Real
30,Coronavirus: Rugby league returns to Australia despite Covid-19 fears,Real
31,Coronavirus: Alarm over 'invasive' Kuwait and Bahrain contact-tracing apps,Real
32,Premier League confirms one positive coronavirus test,Real
33,Coronavirus in DR Congo captured on camera,Real
34,New Zealand's first Covid cases in 24 days came from UK,Real
35,Donald Trump: TikTok users and K-pop fans said to be behind poor Tulsa turnout,Real
36,Cornavirus: Can track and trace deliver? And can we trust it?,Real
37,Denmark's PM cancels wedding to attend EU summit,Real
38,"Coronavirus: Return to Lombardy, the 'Wuhan of the West'",Real
39,Coronavirus: Looking for viruses in Thai bats,Real
40,Coronavirus: Nightmare spreads through Russia's care homes,Real
41,Australia caps toilet roll sales in new panic-buying,Real
42,Formula 1's cost-cutting proposals approved by FIA,Real
43,Coronavirus: Satellite traffic images may suggest virus hit Wuhan earlier,Real
44,'I did a little dance': Ardern confirms New Zealand is free of Covid-19,Real
45,"Coronavirus: WHO advises to wear masks in public areas, reversing policy",Real
46,Coronavirus: 'Very significant' resurgences in Europe alarm WHO,Real
47,Coronavirus: Madagascar minister fired over $2m lollipop order,Real
48,Coronavirus: Coming to terms with months on the front line,Real
49,Coronavirus: Fear of second wave in Beijing after market outbreak,Real
50,Germany coronavirus: Extra police enforce German tower block quarantine,Real
51,Spain's World Cup-winning captain Casillas ends Spanish FA presidency bid,Real
52,Coronavirus: Singapore bans Britons for lockdown 'bar crawl',Real
53,Coronavirus pandemic set to cost Premier League clubs £1bn in 2019-20 - Deloitte,Real
54,Demands grow for 'green industrial revolution',Real
55,Coronavirus: Violence mars Paris protest for health workers,Real
56,Coronavirus: Contact-tracing rumours debunked,Real
57,'Heartbroken' Mayer to miss Las Vegas boxing return after positive test,Real
58,"Coronavirus: Qantas to axe 6,000 jobs due to pandemic",Real
59,Whyte-Povetkin to close Hearn garden shows,Real
60,Greta Thunberg: Climate change 'as urgent' as coronavirus,Real
61,Coronavirus: Spain welcomes tourists back as emergency ends,Real
62,Rethink: Caleb Femi says 'creative thinking' is key to students' future,Real
63,Swimming pools should reopen for physical and mental health - Peaty,Real
64,Coronavirus: Sweden says WHO made 'total mistake' by including it in warning,Real
65,"Coronavirus: Australia sends 1,000 army personnel to Victoria to fight outbreak",Real
66,Tokyo 2020: Olympics will be 'simplified' in 2021,Real
67,Djokovic's coach Ivanisevic has coronavirus,Real
68,Coronavirus: Hard-hit Brazil removes data amid rising death toll,Real
69,Coronavirus: Sweden's Tegnell admits too many died,Real
70,New Zealand great Carter joins Auckland's Blues,Real
71,North Korea shuts down hotline with South in row over leafleting,Real
72,Greg Glassman: Brands cut ties over CrossFit CEO's George Floyd tweet,Real
73,Coronavirus: US withdraws emergency use of hydroxychloroquine,Real
74,Coronavirus: Hundreds of Polish infections linked to mine,Real
75,"Japanese supercomputer, crowned world's fastest, is fighting coronavirus",Real
76,"Trump's Oklahoma rally can go ahead, court rules",Real
77,Coronavirus in South Africa: Eight lessons for the rest of the continent,Real
78,Coronavirus: Bill Gates ‘microchip’ conspiracy theory and other vaccine claims fact-checked,Real
79,How Europe's art world is welcoming back visitors,Real
80,Coronavirus: How pandemic turned political in Brazil,Real
81,'Cashpoint aid' and Africa: Who benefits?,Real
82,Rethink: Tara Westover says 'We are one people and are all needed',Real
83,Rethink: Will companies help us improve our sleep habits?,Real
84,Our masked identities: Cartoons of India's new normal,Real
85,McIlroy's caddie goes into US quarantine before PGA Tour return,Real
86,Coronavirus: France announces significant lifting of restrictions,Real
87,Coronavirus vaccine: AstraZeneca boosts potential supply to 2bn,Real
88,Week in pictures: 30 May - 5 June 2020,Real
89,In pictures: Global protests against racism and police brutality,Real
90,West Indies become first international team to arrive in UK since lockdown,Real
91,'Crime' to stage Ryder Cup without fans - US captain Stricker,Real
92,France's Macron set for Covid test in local vote,Real
93,Tanzania's Magufuli - taking on coronavirus and imperialism,Real
94,'My best friend was killed in the protests - I'm marching for him',Real
95,Medics call for action on social media Covid-19 'infodemic',Real
96,Coronavirus: Apprentice star's ads banned over Covid-19 claims,Real
97,Coronavirus: Germany divided as states lift lockdown,Real
98,Covid-19 brings remote medicine revolution to the UK,Real
99,Amazon faces backlash over Covid-19 safety measures,Real
0,"WATCH: Coronavirus daily update: May 28, 2020",Real
1,"WATCH: Coronavirus daily update: May 26, 2020",Real
2,"WATCH: Coronavirus daily update: May 27, 2020",Real
3,"WATCH: Coronavirus daily update: June 01, 2020",Real
4,"WATCH: Coronavirus daily update: May 29, 2020",Real
5,Type 1 diabetics may be at high risk for severe illness related to COVID-19: Study,Real
6,COVID-19 hospitalizations increasing in 17 states,Real
7,US unemployment rate fell to 13.3% in May,Real
8,"American Cancer Society eliminates 1,000 jobs, may cut research work",Real
9,Beijing braces for a possible 2nd wave of coronavirus infections,Real
10,"House demands coronavirus loan info from Treasury, banks",Real
11,Having high blood pressure may make coronavirus more dangerous,Real
12,What testing data reveals about possible coronavirus spike in LA,Real
13,LA County now leads the nation in coronavirus cases,Real
14,"Tuesday primaries, amid dual crises, restart election transformed by coronavirus",Real
15,"Despite surge, Trump repeats coronavirus 'going away,' uses racist description",Real
16,Coronavirus vaccine update: Possible by the end of the year?,Real
17,Coronavirus government response: Good news eludes Trump after launch scrubbed,Real
18,Coronavirus updates: Trump says US ending relationship with WHO,Real
19,Coronavirus updates: Trump says US ending relationship with WHO,Real
20,Miami pauses reopening as Florida's new coronavirus cases rise,Real
21,Strained supply chain for glass vials could delay coronavirus vaccine,Real
22,Stocks open lower on Wall Street as coronavirus cases surge,Real
23,"Travelers to NY, NJ, CT from high-risk coronavirus areas must quarantine",Real
24,"Coronavirus updates: US reports more than 34,000 new cases in single day",Real
25,Health care workers say 'racism is a pandemic too',Real
26,"Coronavirus updates: Blood clots clogged lungs of black COVID-19 victims, study says",Real
27,Coronavirus updates: Latin America's top airline files for US bankruptcy protection,Real
28,Coronavirus updates: 82% of Alabama's ICU beds full as COVID-19 cases soar,Real
29,"WATCH: Latest updates on COVID-19: June 3, 2020",Real
30,"Coachella, Stagecoach canceled this year over virus concerns",Real
31,"WATCH: Latest updates on COVID-19: June 8, 2020",Real
32,"Coronavirus updates: COVID-19 cases among US health care workers top 62,000",Real
33,"After rushing to reopen, new coronavirus cases in South Carolina rising",Real
34,Hospitals in 'dire need' of blood as elective surgeries restart,Real
35,Prince William reveals he's been a helpline volunteer,Real
36,"Reopening NYC, the 'second wave' debate and more",Real
37,"Dodging virus, Navy ships break record for staying at sea",Real
38,Arizona sees 'bounce back' in COVID-19 cases after reopening,Real
39,Watchdogs say Trump admin limiting oversight of virus aid,Real
40,Pence aide who had COVID-19 returns to work,Real
41,Mayor of city with 1st known US COVID-19 case on how she navigated crisis,Real
42,Trump to extend National Guard's COVID-19 mission after bipartisan pressure,Real
43,Trump says 'I don't kid' after aides say he was joking about slowing COVID-19 testing,Real
44,"New York, Kentucky among 6 states bracing for voting on Tuesday",Real
45,EU likely to keep ban on Americans out of coronavirus fears as it reopens its borders,Real
46,'This is not just a Georgia problem': Primaries foreshadow challenges for November,Real
47,1 in 5 sailors tested for COVID-19 antibodies were asymptomatic: Navy study,Real
48,Coronavirus cases increase in India for record seventh day in a row,Real
49,"Brazil's Bolsonaro joined Trump in downplaying COVID-19, but now faces US travel ban",Real
50,"Amid COVID-19, Moscow recorded almost 60% more deaths in May than usual",Real
51,"3 questions to watch for as Fauci, Redfield testify before House panel",Real
52,"Trump, downplaying deaths, once claimed US would never see 100,000 milestone",Real
53,"Coronavirus government response updates: Trump gives first reaction to 100,000 deaths",Real
54,Senate GOP torn on how to address expiring COVID-19 unemployment boosts,Real
55,WATCH: Elephant explores empty Maryland Zoo in Baltimore,Real
56,Treasury chief refusing to disclose recipients of virus aid,Real
57,Pandemic leads Navy to start 'safe haven' ports of call for its ships,Real
58,Coronavirus task force fades from view as Trump White House moves on,Real
59,Coronavirus government response updates: Trump tweets states 'should open up ASAP',Real
60,White House announces plans for July 4th celebration,Real
61,"Baseball's back: MLB sets 60-game sked, opens July 23 or 24",Real
62,DeVos issues rule steering more virus aid to private schools,Real
63,Virus cases at Djokovic's event put sports under scrutiny,Real
64,"Toys, books and clothes: Stores reopen doors across England",Real
65,White House scales back temperature checks,Real
66,More than 1 out of 3 tested federal inmates were positive for coronavirus,Real
67,"Approval of Trump's coronavirus response underwater, as he returns to trail: POLL",Real
68,Family sues nursing home over death of Army veteran from coronavirus,Real
69,Coronavirus government response: Cuomo wears mask as he arrives to meet Trump,Real
70,"Trump heads to battleground state amid bad polls, worsening coronavirus pandemic",Real
71,"COVID-19 antibodies may fade in as little as 2 months, study says - ABC News",Real
72,"Vaccine timelines, reducing COVID-19 transmission and more to know",Real
73,"COVID-19 spreading among young people, Alabama hot spots and more to know",Real
74,Lake of the Ozarks Memorial Day partygoer tests positive for COVID-19,Real
75,VA secretary fires back at critics of controversial COVID-19 treatment,Real
76,More than 60% of the 400 sailors tested on carrier had COVID-19 antibodies,Real
77,Trump administration considers further restrictions on foreign workers,Real
78,Oklahoma sees rise in COVID cases following reopening,Real
79,FDA issues warning about 9 hand sanitizers made by this company,Real
80,Cruise lines to voluntarily suspend operations at US ports until mid-September,Real
81,House Democrats question Trump's deal on Russian ventilators,Real
82,WATCH: Philly police apologize for use of tear gas,Real
83,"In reversal, Trump administration will extend support to Texas COVID-19 testing sites",Real
84,"Hope for prisoner swap fades as US deports Iranian scientist, but no Americans freed",Real
85,"Officials see pushback as more states, counties require people to wear masks",Real
86,School infrastructure report raises questions about returning to classrooms,Real
87,Iran frees US Navy veteran held for nearly 2 years,Real
88,"Thousands crossing US-Mexico border despite nonessential travel ban, COVID-19 threat",Real
89,Embattled state health director resigns amid COVID crisis,Real
90,WATCH: Top US general apologizes for Trump photo-op,Real
91,WATCH: Christopher Columbus statue in Houston’s Bell Park vandalized,Real
92,WATCH: Trump claims he’s finalizing executive order on police reform,Real
93,WATCH: Bighorn wildfire burns thousands of acres in Arizona,Real
94,Why people are flouting life-saving social distancing precautions,Real
95,Revamped Main Street Loan Program launches under watchful eye of critics,Real
96,"Superintendent at Soldiers' Home did not keep officials in the dark, attorney says",Real
97,Nursing homes got masks that 'probably should have never gone out': Official,Real
98,Another 2.1 million US workers file jobless claims,Real
99,Nearly 1.9M US workers file jobless claims,Real
0,Rapid City to review business restrictions due to COVID-19 - Associated Press,Real
1,Brazil's most populous state eyes reopening business in June - Associated Press,Real
2,Oklahoma man's dying words in cop custody: 'I can’t breathe'...,Real
3,Indonesia's passes 50000 cases as business resumes - Associated Press,Real
4,Rocky business restart and an enticing offer for MLB - The Associated Press,Real
5,Food prices see historic jump; Likely to stay high...,Real
6,Poll: Americans unhappiest they've been in 50 years...,Real
7,Black man dies after video shows officer kneeling on neck...,Real
8,California tech CEO charged in coronavirus test fraud case - The Associated Press,Real
9,Illinois attorney general tests positive for COVID-19,Real
10,"Global shares advance, tracking Wall Street tech rally - The Associated Press",Real
11,Survey: Business economists expect worst slump since 1940s - Associated Press,Real
12,"As businesses reopen, Tennessee unemployment still high - Associated Press",Real
13,Update on the latest in business - WFMZ Allentown,Real
14,"Nissan-Renault alliance to share more parts, technology - The Associated Press",Real
15,State-distributed masks among precautions for Illinois school opening,Real
16,Update on the latest in business: | | wfmz.com - WFMZ Allentown,Real
17,"Illinois to reopen museums, gyms with restrictions this week",Real
18,Arrest of ex-aide to Bolsonaro's son another hit for leader - The Lawton Constitution,Real
19,What are the symptoms of COVID-19?,Real
20,"Wisconsin prisons increase COVID-19 testing, quarantines",Real
21,Prison infirmary quarantined after COVID-19 cases,Real
22,"Honduras president hospitalized with pneumonia, COVID-19",Real
23,Meatpacking union: 44 COVID-19 deaths among workers,Real
24,"Lawsuit seeks early, easier voting during COVID-19 pandemic",Real
25,Omar announces father's death from Covid-19 complications,Real
26,Don't fall for COVID-19 student loan relief scams,Real
27,100 Days of Cuomo: Governor ends daily COVID-19 briefings,Real
28,"Kansas governor, GOP scrap again over COVID-19 budget plan",Real
29,Reporter at Trump's Tulsa rally tests positive for COVID-19,Real
30,N.C. governor says he tested negative for COVID-19,Real
31,"Wyoming COVID-19 measures to ease, university plan approved",Real
32,2nd COVID-19 case tied to Missouri Memorial weekend parties,Real
33,Man accused of falsely claiming air purifier kills COVID-19,Real
34,"Alaska ferry crew, passengers must undergo COVID-19 testing",Real
35,No rodeo festival dashes Wyoming city's hopes amid COVID-19,Real
36,Nashville still providing COVID-19 data to first responders,Real
37,Partygoer at Missouri's Lake of Ozarks positive for COVID-19,Real
38,Latinos increasingly affected by COVID-19 in rural Idaho,Real
39,Report: Ski industry lost $2B because of COVID-19 pandemic,Real
40,"Arizona COVID-19 case surge continues, setting care records",Real
41,Pennsylvania officials eye areas where COVID-19 cases rising,Real
42,"Monkeys, ferrets offer needed clues in COVID-19 vaccine race",Real
43,Pence aide who had COVID-19 returns to work,Real
44,COVID-19 cases spike in Utah a month after reopenings,Real
45,Russia starts clinical trials of COVID-19 vaccine,Real
46,"Arizona surge of COVID-19 cases, hospitalizations continues",Real
47,Mississippi posts COVID-19 data after 5-day delay,Real
48,Is it safe to form a COVID-19 'support bubble' with friends?,Real
49,Who would be the first to get a COVID-19 vaccine?,Real
50,Trump suggests US slow virus testing to avoid bad statistics,Real
51,Virginia attorney general warns businesses about charges,Real
52,When could a COVID-19 vaccine be ready?,Real
53,Secrecy on legislator's COVID-19 illness roils a statehouse,Real
54,Virginia Beach cancels July Fourth fireworks over COVID-19,Real
55,Hypocrisy gone viral? Officials set bad COVID-19 examples,Real
56,Partygoer at Missouri's Lake of Ozarks positive for COVID-19,Real
57,AstraZeneca agrees to make COVID-19 vaccine for Europe,Real
58,Utah's rate of positive COVID-19 tests skyrockets,Real
59,Former henchman of Houston killer Corll dies of COVID-19,Real
60,Study: Black Americans most interested in COVID-19 news,Real
61,Health department: No COVID-19 cases from Missouri salon,Real
62,Utah gubernatorial candidate tests negative for COVID-19,Real
63,Fed lawyer: COVID-19 at federal jail worse than reported,Real
64,"Arkansas reports 678 new COVID-19 cases, 7 more deaths",Real
65,COVID-19 cases spike in Utah a month after reopenings,Real
66,Utah gubernatorial running mate tests negative for COVID-19,Real
67,"Montana has 10 new COVID-19 cases, inmate tests inconclusive",Real
68,Over 100 COVID-19 cases reported at Washington state prison,Real
69,Cooper signs bill addressing fall election under COVID-19,Real
70,Alaska state ferry crew member tests positive for COVID-19,Real
71,"Minnesota reports 18 new COVID-19 deaths, 652 new cases",Real
72,Trump to resume fundraisers next month with COVID-19 checks,Real
73,Over 54K COVID-19 tests conducted across state of Hawaii,Real
74,Election rule changes for COVID-19 considered in N.C. House,Real
75,Can I get COVID-19 through my eyes or ears?,Real
76,5 seniors at graduation ceremony test positive for COVID-19,Real
77,Bullock urges vigilance as COVID-19 cases spike in Montana,Real
78,Idaho newspaper plans lawsuit over COVID-19 records denial,Real
79,US sends Brazil malaria drug unproven for COVID-19 treatment,Real
80,Tennessee to halt sharing COVID-19 patient data,Real
81,Illinois courts to resume as COVID-19 restrictions lift,Real
82,COVID-19 will make primary day different in South Carolina,Real
83,Trooper resigns after text about coughing to spread COVID-19,Real
84,Arizona sets another record for increases in COVID-19 cases,Real
85,Autopsy report shows Floyd had tested positive for COVID-19,Real
86,Health official: No new COVID-19 cases from Missouri parties,Real
87,"Arizona surge of COVID-19 cases, hospitalizations continues",Real
88,"South Carolina beaches fill, but COVID-19 takes no vacation",Real
89,Comedian DL Hughley COVID-19 positive after fainting onstage,Real
90,Georgia senators seek to shield business from COVID-19 suits,Real
91,Pennington County GOP warns convention attendee had COVID-19,Real
92,6 staffers setting up for Trump rally positive for COVID-19,Real
93,VA says it'll stop almost all use of unproven drug on vets,Real
94,Interpreters help deaf residents stay informed about virus,Real
95,Utah candidate and ex- envoy Huntsman says he has COVID-19,Real
96,US expects insurers to cover COVID vaccine without copays,Real
97,Coronavirus means few young whooping cranes for fall release,Real
98,Northam expects to further relax restrictions next week,Real
99,COVID-19 reopenings: Some Louisiana businesses busy,Real
0,Hackers targeted the UK's coronavirus vaccine research,Real
1,Reduce Your Risk of Coronavirus Exposure With a 'Contact Budget',Real
2,Why Your Positive Coronavirus Antibody Test Might Be Wrong,Real
3,Coronavirus delays the launch of NASA's James Webb Space Telescope,Real
4,Squire balances clean fades with the coronavirus,Real
5,What to Do if Your Favorite Store Files for Bankruptcy,Real
6,Your coronavirus lockdown confessions,Real
7,Coronavirus: 'Deadly masks' claims debunked,Real
8,Prepare for the Never-Ending Coronavirus Plateau,Real
9,Should You Job Hunt During a Furlough?,Real
10,"If You're Trying to Track Down Your Coronavirus Relief Payment, Use This IRS Phone Number",Real
11,Put Your Mask Over Your Damn Nose,Real
12,Here's Who Needs to Request a Coronavirus Relief Payment Before October 15,Real
13,"Tech giants must open up about the coronavirus ‘infodemic’, say EU lawmakers",Real
14,Coronavirus: What's happening in Peru?,Real
15,Djokovic's coach Ivanisevic has coronavirus,Real
16,Coronavirus: Contact-tracing rumours debunked,Real
17,EPA orders Amazon and eBay to remove products posing as coronavirus remedies,Real
18,How coronavirus tore through Britain's ethnic minorities,Real
19,Tanzania's Magufuli - taking on coronavirus and imperialism,Real
20,Coronavirus and poverty: Is there a link?,Real
21,Coronavirus: Professional athletes train in lockdown,Real
22,Coronavirus: Germany divided as states lift lockdown,Real
23,Coronavirus: France announces significant lifting of restrictions,Real
24,Coronavirus: How pandemic turned political in Brazil,Real
25,Where early US coronavirus hotspots stand now,Real
26,CNN reporter debunks beachgoers' coronavirus theories,Real
27,"Fauci, Redfield testiy on Trump's coronavirus response",Real
28,"Mutation makes coronavirus more infectious, study suggests",Real
29,Brazil passes 1 million coronavirus cases,Real
30,How risky is it to attend a Trump campaign rally during a pandemic?,Real
31,Coronavirus: Trump terminates US relationship with WHO,Real
32,Coronavirus: The human cost of virus misinformation,Real
33,Coronavirus: Ecuador protests against cuts amid pandemic,Real
34,Coronavirus: Sweden's Tegnell admits too many died,Real
35,Coronavirus: Surf photographer on 'stark' lifestyle change,Real
36,Coronavirus: US withdraws emergency use of hydroxychloroquine,Real
37,Premier League confirms one positive coronavirus test,Real
38,Ex-Bangladesh captain Mortaza has coronavirus,Real
39,Coronavirus in DR Congo captured on camera,Real
40,Insurance Companies Are Subsidizing Fox News’ Coronavirus and Climate Misinformation,Real
41,Coronavirus Is Delaying MTA's Completion of Contactless Subway Payments,Real
42,Common Steroid Drug Shows Lifesaving Results In Large Coronavirus Trial,Real
43,Scientists Want to Test Existing Polio Vaccine Against Coronavirus,Real
44,"U.S. Hits Grim Coronavirus Milestone, Passing 100,000 Confirmed Deaths",Real
45,Latest Coronavirus Science: New York's Hopeful Road to Recovery,Real
46,BP Worries a Green Coronavirus Recovery Could Kill Its Business,Real
47,Should You Get a Coronavirus Test If You Protested?,Real
48,FDA Pulls Emergency Authorization for Hydroxychloroquine as Coronavirus Treatment,Real
49,Do Your Homework Before Volunteering Your Data to Fight Coronavirus,Real
50,Data shows dangerous trend in the South,Real
51,It’s hard to figure out how often people without symptoms spread COVID-19,Real
52,Instacart will expand sick pay to more shoppers,Real
53,"Google reportedly rescinds 2,000 contract worker jobs",Real
54,"Google, Facebook, and Twitter to produce monthly reports on coronavirus disinformation for the EU",Real
55,What to Know About the New TSA Rules,Real
56,How Will a Temporary Relocation During the Pandemic Affect Your Taxes?,Real
57,Your State May Let You Deduct The Costs of Working From Home During the Pandemic,Real
58,Now Is A Good Time To Donate Blood,Real
59,Work on Your Family Tree With These Free Online Genealogy Resources,Real
60,Don't Flush Disposable Masks Down the Toilet,Real
61,Don't Use These Toxic Hand Sanitizer Brands,Real
62,Germany's Coronavirus-Tracking App Set to Release This Week as Nation Reopens,Real
63,"Coronavirus lockdowns mean bad business for drug dealers, too",Real
64,Google Maps launches features for traveling during coronavirus pandemic,Real
65,The 2021 Oscars are getting delayed by the coronavirus,Real
66,Partying Americans just got a reality check from the coronavirus,Real
67,Germany to launch coronavirus tracing app this week,Real
68,When coronavirus masks become 'I can't breathe' protest signs,Real
69,Coronavirus: Trump faces backlash after US quits WHO,Real
70,'I hope your son gets coronavirus' - Deeney reveals hurtful comments,Real
71,Coronavirus: Hundreds of abattoir workers test positive in Germany,Real
72,"Coronavirus: Rumours, fear and rising Covid deaths in Pakistan",Real
73,Coronavirus: Alarm over 'invasive' Kuwait and Bahrain contact-tracing apps,Real
74,Coronavirus: Iran fears second wave after surge in cases,Real
75,Coronavirus: The misinformation circulating in Africa about Covid-19,Real
76,Coronavirus: Five reasons why it is so bad in Yemen,Real
77,Phillies and Blue Jays close training bases after coronavirus tests,Real
78,Rapinoe withdraws from NWSL event amid coronavirus fears,Real
79,Moderna set to start final-stage trial of its coronavirus vaccine by July,Real
80,Coronavirus: Boxing & MMA to return to Las Vegas,Real
81,Coronavirus: Brazil now fourth-highest nation in Covid-19 deaths,Real
82,Coronavirus: Brazil judge orders Bolsonaro to publish full data,Real
83,Coronavirus in Russia: 'I don't trust Putin any more',Real
84,Coronavirus: How a false rumour led to hate online,Real
85,Dimitrov tests positive for coronavirus after playing in Adria Tour,Real
86,Coronavirus: Spain welcomes tourists back as emergency ends,Real
87,Paulinho Paiakan: Amazon indigenous chief dies of coronavirus,Real
88,Coronavirus: Saudi Arabia bars international pilgrims for Hajj,Real
89,Coronavirus: Who is Germany's 'pig baron' Clemens Tönnies?,Real
90,"Coronavirus: Qantas to axe 6,000 jobs due to pandemic",Real
91,Coronavirus: Singapore bans Britons for lockdown 'bar crawl',Real
92,"5G, AI, cybersecurity and renewable energy set for investment boost under EU coronavirus recovery plan",Real
93,EU states agree a tech spec for national coronavirus apps to work across borders,Real
94,Coronavirus: Your pictures on the theme of 'home-made',Real
95,Coronavirus: Belgian Prince Joachim tests positive after lockdown party,Real
96,Coronavirus: Biden and Trump face off over China,Real
97,"Coronavirus: 1,694 mental health patients discharged in 'error'",Real
98,The coronavirus conundrum when your mouth is your ‘hand’,Real
99,Coronavirus: Violence mars Paris protest for health workers,Real
0,How to Prevent COVID-19 While Still Enjoying Your Summer,Real
1,What Does It Mean to Have Recovered From COVID-19?,Real
2,What to Know About That New Hydroxychloroquine Study,Real
3,Is Your Employer Required to Report Workplace Cases of COVID-19?,Real
4,What to Do If You See a 'COVID-19 Surcharge' on Your Receipt,Real
5,Make a COVID-19 Backup Plan Before You Return to the Office,Real
6,"If Someone in Your Home Has Covid-19, Do These Things First",Real
7,How to Tell If That New COVID-19 Story Is Worth Getting Excited About,Real
8,"Yes, Teletherapy Is Effective—Here's What You Need to Know",Real
9,TGIF Playlist: Revolution,Real
10,What We Know About Disney World's Reopening in July,Real
11,Here's How Often You Should Wash Your Face Mask,Real
12,How to Donate to a Local Bail Fund for Protestors,Real
13,How to Virtually Attend DC Jazz Festival Performances,Real
14,Rent an Uber for $50 an Hour in Select Cities,Real
15,How to Cope as a 'Distance Caregiver' During the Pandemic,Real
16,Put a Bulletin Board Under a Puzzle to Make it Easier to Move,Real
17,Support Black-Owned Brands at This Online Juneteenth Market,Real
18,"How to Land a Job That Pays You $1,000 to Take Virtual Vacations",Real
19,Get These Cool iOS App Stickers by Giving to the Equal Justice Initiative,Real
20,How to Watch the 'Lord of the Rings' Reunion,Real
21,Enroll in a Free Online Course on Contact Tracing Through Johns Hopkins,Real
22,You Don't Always Know Who Is High Risk,Real
23,How to Watch the 'Ghostbusters' Reunion,Real
24,How to Vote By Mail,Real
25,What Happens After You Leave the ICU?,Real
26,Now Is A Good Time To Donate Blood,Real
27,"How to Protect Your Money, With Ramit Sethi",Real
28,"What to Watch Tonight, June 4, 2020",Real
29,"What to Watch Tonight, June 3, 2020",Real
30,Should You Wear a Clear Plastic Face Shield?,Real
31,Why Your Positive Coronavirus Antibody Test Might Be Wrong,Real
32,Celebrate Pride by Supporting the Black Trans Community,Real
33,"No, Apple and Google Didn't Secretly Install Contact-Tracing Apps on Your Phone",Real
34,These Free Books Can Help Kids with Autism Understand the Pandemic,Real
35,How to Safely Share a Backyard Pool This Summer,Real
36,Virtually Stargaze at the Grand Canyon All Week,Real
37,This Interactive Map Tells You Which Countries Are Open for Travel,Real
38,How to Trade in Your MacBook at an Apple Store,Real
39,What Trump's New Policy Means for Trans Healthcare,Real
40,How to Protest During a Pandemic,Real
41,How to Fend Off Hangry Rats,Real
42,Improve Your Critical Thinking With This Cheatsheet,Real
43,How Will a Temporary Relocation During the Pandemic Affect Your Taxes?,Real
44,Why You Should Wear a Mask to Your Next Job Interview,Real
45,Why Advice on Masks Seems to Be Constantly Changing,Real
46,Help Your Graduate Turn a 'Gap Year' into a 'Purpose Year',Real
47,What You Need to Know About Plane Operations Post-Pandemic,Real
48,Your State May Let You Deduct The Costs of Working From Home During the Pandemic,Real
49,Our Kids Are Watching How We Act Right Now,Real
50,Should I Intervene in My Adult Son's Relationship?,Real
51,How to Make It Through Father's Day If It's Difficult for You,Real
52,The Recipe for Supporting Black Eateries Isn't Hard to Follow,Real
53,Every Awesome iOS 14 Feature Apple Announced at WWDC 2020,Real
54,What to Do if Your Old Device Can't Run a New Apple Operating System,Real
55,"Saturday's Best Deals: Instant Pot Duo Plus, Cubii Pro Under-Desk Elliptical, AirPods Pro, Bounty Hunter Metal Detectors, and More",Real
56,COVID-19 killed the era of 'big' flying,Real
57,Apple's COVID-19 screening tool can anonymously share symptoms with the CDC,Real
58,Researchers say Oura rings can predict COVID-19 symptoms three days early,Real
59,Lime report shows micromobility travel poses the lowest risk of contracting COVID-19,Real
60,Yelp lets businesses share how they're enforcing COVID-19 safety precautions,Real
61,Amazon workers sue over alleged failure to follow COVID-19 guidelines,Real
62,Sonos will lay off 12 percent of its workforce due to COVID-19,Real
63,Germany's voluntary contract tracing app is available to download,Real
64,Summer Games Done Quick will be an online-only event this year,Real
65,Computex 2020 is the latest canceled trade show,Real
66,Coronavirus delays the launch of NASA's James Webb Space Telescope,Real
67,"EU wants Facebook, Twitter to report monthly on fight against fake news",Real
68,Russia lifts its ban on Telegram,Real
69,Microsoft built Japan's contact-tracing app using Apple and Google tech,Real
70,Atmospheric CO2 hits a record high while emissions drop,Real
71,Twitter marks a Trump tweet 'manipulated media' for the first time,Real
72,The next 'Fortnite' season has been delayed one more week,Real
73,Apple gets a patent for taking group selfies while you're socially distant,Real
74,Hype and hope: Wearables in the covid era,Real
75,Senators ask FTC to investigate Instacart over 'tip baiting',Real
76,Bandcamp will make annual Juneteenth donations to the NAACP,Real
77,Fujfilm's app turns your X series and GFX cameras into webcams,Real
78,Amazon sellers use 'collectible' label to dodge price gouging rules,Real
79,The Morning After: You can buy a Boston Dynamics robot for $75k,Real
80,Waymo's self-driving vans will return to Bay Area streets on June 8th,Real
81,"T-Mobile asks California to soften 5G, job conditions for Sprint merger",Real
82,EPA orders Amazon and eBay to remove products posing as coronavirus remedies,Real
83,CES will go ahead as an in-person event next year,Real
84,"Google's work from home strategy includes a $1,000 allowance",Real
85,Sega wants to turn Japanese arcades into 'fog gaming' data centers,Real
86,TwitchCon San Diego has been canceled,Real
87,After Math: A glimmer of hope,Real
88,'Chernobyl' director will helm HBO's 'The Last of Us' pilot,Real
89,The Morning After: Alexa's new 'Drop In' intercom system,Real
90,"The DoJ is investigating Google's search dominance, DuckDuckGo CEO suggests",Real
91,Sling TV president replaced as subscriber numbers continue to drop,Real
92,Recommended Reading: He bought StubHub right before the pandemic,Real
93,Apple's virtual WWDC keynote starts on June 22nd at 1 PM ET,Real
94,Scientists go on strike to address racism in academia and STEM,Real
95,Google will pay publishers for 'high-quality' news and absorb paywall costs,Real
96,Wallace and Gromit get their first AR story in 'The Big Fix Up',Real
97,Facebook tests easier sharing for its Pinterest-like Collections feature,Real
98,‘Pokémon Go’ raid invites will let friends join your battle remotely,Real
99,HBO Max is a mess -- but it's still a smart bet on HBO’s future,Real
0,Apple to Close Some U.S. Stores Again as Covid-19 Cases Spike - Bloomberg,Real
1,Why New York Suffered When Other Cities Were Spared by Covid-19 - Bloomberg,Real
2,Scientists Question Study Linking Malaria Drugs to Covid Risks - Bloomberg,Real
3,Apple Closing 11 Reopened U.S. Stores as COVID-19 Spikes,Real
4,Counting Covid-19 Deaths,Real
5,Why COVID-19 Lingers (Podcast),Real
6,Covid-19 Stretches Awards Season,Real
7,Venture Capitalism After Covid-19,Real
8,Beijing's New Covid-19 Outbreak,Real
9,Wuhan Tests Millions For Covid-19,Real
10,Wipes Clog Sewers During Covid-19,Real
11,The Lingering Symptoms of Covid-19,Real
12,New Zealand Loses Covid-19 Free Status,Real
13,The Outlook for COVID-19 Treatments (Podcast),Real
14,Could Proning Help Covid-19 Patients?,Real
15,Novak Djokovic Tests Positive for Covid-19,Real
16,Justin Fox on Covid-19 'Superspreaders' (Podcast),Real
17,Summer Camp Might Not Survive Covid-19,Real
18,Making Covid-19 Masks From Lotus Stems,Real
19,From NASA to Covid-19 Gadget,Real
20,Honduras President Says He Has Covid-19,Real
21,How Has Covid-19 Impacted Latin America?,Real
22,Dr. Survives Covid-19 on Social Media,Real
23,Covid-19 Lessons From HIV Care,Real
24,Protesting While Black During Covid-19,Real
25,A Painful Covid-19 Reminder From Beijing,Real
26,Family Businesses Shift Strategy Amid Covid-19,Real
27,Taxi Drivers Tested for Covid-19,Real
28,Taxi Drivers Tested for Covid-19,Real
29,From Baker to Nurse During Covid-19,Real
30,How Stanford is Fighting COVID-19 (Podcast),Real
31,Crunch Fitness CEO Says Government Exaggerated Covid-19 Data,Real
32,Kenya's Central Bank Urges Credit Guarantee to Weather Covid-19,Real
33,Hospital Staff With Covid-19 Had Protective Antibodies in Study,Real
34,"South Africa Has Backlog of About 80,000 Covid-19 Tests",Real
35,Biotech Tourists Drive Short-Lived Rallies in Covid-19 Stocks,Real
36,"Covid-19 Caught Gyms Flat-Footed, Harrison Co. Founder Says",Real
37,Google Helps Place Ads on Sites Amplifying Covid-19 Conspiracies,Real
38,Cancer Summit Presses Toward Treatments in Shadow of Covid-19,Real
39,Beijing Shuts Biggest Vegetable Market After 45 Covid-19 Cases,Real
40,California Not Out of the Woods on Covid-19: Governor,Real
41,Moderna CEO Says Covid-19 Vaccine Needs to Be Affordable,Real
42,Covid-19's Second Assault on America Is Underway,Real
43,How Covid-19 Has Impacted the Apparel Industry,Real
44,Watts on Hotel Industry Recovering from COVID-19 (Radio),Real
45,China's New Movies Shine Patriotic Light on Covid-19 Battle,Real
46,WHO Says Covid-19 Asymptomatic Transmission Is 'Very Rare',Real
47,How Covid-19 Has Impacted People's Well-Being,Real
48,Florida Covid-19 Daily Positivity Rate at Highest Since April,Real
49,"AstraZeneca Strikes Covid-19 Deal With U.S Defense, Medical Agencies",Real
50,Efforts to Manufacture a COVID-19 Vaccine (Podcast),Real
51,California's Solution for a Looming Covid-19 Budget Disaster,Real
52,"Sirius Re CEO: Will Keep Dividend, Despite Covid-19 Uncertainty",Real
53,Second Wave of Covid-19 Infections Hits in Iran,Real
54,New York Governor Cuomo: 'We've Beaten' Covid-19,Real
55,"Cisco Spending $500 Mln on Covid-19 Relief, Anti-Racism",Real
56,"Oregon Joins Florida, Texas in Confronting Covid-19's Resurgence",Real
57,"Johns Hopkins Urges Combining Covid-19 Testing, Contact Tracing",Real
58,The Race for a COVID-19 Vaccine (Podcast),Real
59,Flyers Hiding Covid-19 Infection Show Risks of Reopening Borders,Real
60,Fauci: Seeing 'Disturbing Surge' of Covid-19 Infections,Real
61,WW International CEO on COVID-19 Impact (Podcast),Real
62,Florida Covid-19 Cases Rise by Most Ever; Hospitalizations Jump,Real
63,Miami-Dade's Covid-19 Patients Rise; County Cites Technicality,Real
64,Your Evening Briefing: Fauci Calls Out Americans Over Covid-19,Real
65,"RDIF Touts ""Tremendous"" Results From New Covid-19 Drug",Real
66,Overlooked Covid-19 Vaccine Runners Up Defended by Wall Street,Real
67,Gap Falls Amid Deep Sales Decline During Covid-19 Lockdown,Real
68,New Zealand Eliminates Covid-19 With Zero Active Cases Reported,Real
69,Covid-19 Masks for the Deaf and Mute,Real
70,WHO: Covid-19 Increase in Latin America 'Deep Concern',Real
71,Businesses Transformed by Covid-19 Plan to Keep the Changes,Real
72,Hotels Are Betting on Staycations to Survive Covid-19,Real
73,Hospital Finances Strained by Covid-19 in South Africa,Real
74,We Can't Blame Covid-19 Misinformation on Bots,Real
75,Hackers Target California University Leading Covid-19 Research,Real
76,Philippines Tracks Down Rising Number of Secret Covid-19 Clinics,Real
77,"A 70,000 Year View on the Covid-19 Crisis (Podcast)",Real
78,Covid-19 Brings a Reckoning of Layoffs to Silicon Valley,Real
79,The Outlook for a COVID-19 Vaccine (Podcast),Real
80,The Expat Life Is Struggling to Survive Covid-19,Real
81,"Improving COVID-19 Contact Tracing, Jobless Claims (Podcast)",Real
82,The Role Nurses Play in Responding to COVID-19 (Podcast),Real
83,The Role Nurses Play in Responding to COVID-19 (Podcast),Real
84,Jeremy Siegel on the Stock Market and Covid-19 (Podcast),Real
85,Kids' Farm Finds New Purpose in Covid-19,Real
86,Biden: Trump Has Surrendered the Fight Against Covid-19,Real
87,"Nigeria's Pig Farmers Hit by Swine Fever, Covid-19 Restrictions",Real
88,Covid-19's Fresh Injustice for Black-Owned American Businesses,Real
89,How Dexamethasone Helps Lungs to Recover From Covid-19,Real
90,Covid-19 Treatments Show Progress in Lowering Deaths: Johns Hopkins,Real
91,U.S. Covid-19 Resurgence Is Happening Now: Johns Hopkins' Toner,Real
92,Johns Hopkins Seeks 'More Robust' Covid-19 Data,Real
93,Australia Records Largest Spike in Covid-19 Cases Since April,Real
94,"Florida Covid-19 Cases Rise by 8,942, Most During Pandemic",Real
95,How Covid-19 Is Exacerbating the Churn in Retailing,Real
96,U.S. Pizza Deliveries Could Provide Gauge of Covid-19 Concerns,Real
97,"Covid-19 Deaths Reach 100,000 in the U.S.",Real
98,"A 70,000 Year View on the Covid-19 Crisis",Real
99,Lululemon Sinks After Sales Lose Steam During Covid-19 Pandemic,Real
0,Where early US coronavirus hotspots stand now,Real
1,CNN reporter debunks beachgoers' coronavirus theories,Real
2,"Fauci, Redfield testiy on Trump's coronavirus response",Real
3,"Mutation makes coronavirus more infectious, study suggests",Real
4,Brazil passes 1 million coronavirus cases,Real
5,How risky is it to attend a Trump campaign rally during a pandemic?,Real
6,Data shows dangerous trend in the South,Real
7,How poop could help warn of the next coronavirus outbreak,Real
8,Two coronavirus studies retracted after questions emerge about data,Real
9,Opinion: I'm over 60. Stop talking about coronavirus 'culling' me,Real
10,Novak Djokovic tests positive for coronavirus after Adria Tour event,Real
11,"CDC: For every coronavirus case, 10 go undiagnosed",Real
12,This is the coronavirus' staggering toll in the US,Real
13,NYC diner's drive-in becomes hot ticket during coronavirus,Real
14,Biden campaign blasts Trump's 'outrageous' comments on coronavirus testing,Real
15,Trump holds first campaign rally since coronavirus pandemic began,Real
16,Tapper pushes back on White House adviser's coronavirus claim,Real
17,See how state coronavirus trends evolved in May,Real
18,"Cooper: Trump believes if you close your eyes, things go away",Real
19,Analysis: Is this the next AOC?,Real
20,Current antibody tests are unreliable. Dr. Gupta explains why,Real
21,Dr. Wen: I've been told to 'go back to my own country',Real
22,"If you're going to go out to eat, listen to these tips",Real
23,Friends who got Covid-19 after outing at a Florida bar urge others to be more cautious,Real
24,The Oscars have been delayed,Real
25,Why the Covid-19 economy is being called a 'she-session',Real
26,"Tapper: Once again, Trump is revealing this",Real
27,Trump supporter on Tulsa rally: I want to be front row,Real
28,Two Indiana billboards suggest people think twice about going to Michigan during the pandemic,Real
29,Is it safer to fly or drive during the pandemic?,Real
30,The US is in a recession. Here's what that means,Real
31,Trump says scheduling his next rally on Juneteenth wasn't intentional,Real
32,Vladimir Putin's home has a walk-through disinfectant tunnel to guard against coronavirus,Real
33,Outbreak investigation aboard US aircraft carrier may contain clues about Covid-19 among the young and healthy,Real
34,Woman tests positive for Covid-19 twice. Hear what she has to say.,Real
35,Carnival cruise ship earmarked for demolition,Real
36,DJ David Guetta to host second relief concert,Real
37,Her story brought Erin Burnett to tears. How she's doing now.,Real
38,Data shows which states are improving ... and which aren't,Real
39,Gov. Cuomo: We've been through hell. We'll come out stronger.,Real
40,"More than 112,000 people have died from Covid-19 in the US, and 100,000 more will die from it by September, a health experts says",Real
41,"Ethnic minorities are up to 50% more likely to die from coronavirus, UK report finds",Real
42,Tapper to Kudlow: This is as swampy as I can imagine,Real
43,"People under 20 half as likely to catch Covid-19, study finds",Real
44,Dr. Gupta's tips for how to stay safe at the office,Real
45,Zakaria: Governments in developing world face a deadly dilemma,Real
46,Two hairstylists who had coronavirus saw 140 clients. Officials are studying how no one got infected,Real
47,Republican mayor says no rallies in Miami,Real
48,Local officials hit roadblocks on the way to enacting measures to curb coronavirus spikes,Real
49,"'We have to make sure the virus doesn't come in on a plane,' Cuomo says",Real
50,'Mind-blowing': See what happened after Trump officials tried to clean up remarks,Real
51,Several US states are reporting thousands of new cases daily,Real
52,Dr. Gupta: I can't believe we're in the position we're in,Real
53,McCarthy outraged by Covid-19 question,Real
54,Don Lemon: This is what American carnage looks like,Real
55,Supreme Court denies request from Texas Democrats to expand mail-in voting,Real
56,Supreme Court rules state can restrict religious gatherings,Real
57,Guests return to Universal Orlando Resort. See what it's like now.,Real
58,Contact tracing could become a regular part of office life. Here's how it will work,Real
59,Dr. Anthony Fauci: I don't get a lot of sleep,Real
60,Top airlines take UK government to court over 'devastating' quarantine,Real
61,WHO warns Latin American countries not to reopen too quickly,Real
62,This is how luxury hotel is keeping guests safe from Covid,Real
63,Tim Kaine says he and his wife tested positive for coronavirus antibodies,Real
64,American spending collapsed by a record 13.6% in April,Real
65,"Summer is here, and your mask is sweaty. Here's what to do about it",Real
66,Man says he lost family to virus. Why he's not wearing a mask.,Real
67,Hear from residents not wearing masks as Covid-19 cases rise,Real
68,"'Upsetting,' ER doctor reacts to Trump's rally",Real
69,"Red Sox, Tigers, Mariners have positive Covid-19 tests, reports say",Real
70,Anderson Cooper mocks Kellyanne Conway's defense of Trump's racist remark,Real
71,Florida residents are divided on the necessity of masks,Real
72,Airline executives and Pence agree to move forward with contact tracing of passengers,Real
73,Hundreds of South Korea schools close again after reopening,Real
74,Best moments from CNN and Sesame Street's second coronavirus town hall for kids and parents,Real
75,Entertainment leaders release Covid-19 production guidelines,Real
76,A new threat to global trade: Exhausted crews want off cargo ships now,Real
77,Cooper: Trump's joke came at the expense of thousands of people,Real
78,Fauci and CDC Director Redfield to testify at House coronavirus oversight hearing,Real
79,"Dr. Fauci: We will be testing more, not less",Real
80,Swing state voters torn on Trump's handling of pandemic,Real
81,Biden visits protest site in Delaware hometown,Real
82,"A midwife, a train driver and a store worker are British Vogue's latest cover stars",Real
83,"She was tricked as a teen into prostitution. A decade on, she has no work and faces starvation",Real
84,Congress has approved trillion in coronavirus relief. Here's what's happened to it.,Real
85,Reality has caught up with stocks. But what happens next is anyone's guess,Real
86,The San Diego Zoo will look different when you return,Real
87,AMC Theatres sets reopening date and new health guidelines for going to the movies,Real
88,In pictures: Trump returns to campaign trail,Real
89,Keilar to Trump campaign official: Is this funny to you?,Real
90,A spring break trip to a Mexican beach resort led to 64 coronavirus cases in Texas,Real
91,Artist with autism makes balloon sculptures to thank essential workers,Real
92,Why conspiracy theorists think 5G is bad for your health and why experts say not to worry,Real
93,"Hong Kong Disneyland, closed for five months due to Covid-19, is ready to reopen",Real
94,Going to Trump's Tulsa rally? What Dr. Fauci wants you to know,Real
95,"CDC forecasts 123,000 more deaths by June 20",Real
96,"Coronavirus continued to spread among San Francisco's low-income Hispanic population despite lockdown, study finds",Real
97,Borger: To hear this come out of President's mouth is disgraceful,Real
98,"California reports more than 7,000 new coronavirus cases in a day, breaking its daily record again",Real
99,"Opinion: Trump is not 'kidding,' he's lying",Real
0,"China's COVID-19 vaccine candidate shows promise in human trials, CNBG says - Regina Leader-Post",Real
1,Johnson & Johnson in talks with governments on possible COVID-19 vaccine - Financial Post,Real
2,AstraZeneca taps Scottish firm for 10th COVID-19 vaccine supply deal - Financial Post,Real
3,Chinese Covid-19 Vaccines Cleared for Final Testing in U.A.E. - Financial Post,Real
4,Google Maps to alert users about COVID-19-related travel restrictions - Regina Leader-Post,Real
5,Novavax buys manufacturing plant or $167 mln to boost COVID-19 vaccine production - Financial Post,Real
6,19 vaccine-backer CEPI to buy 100 million vials from Stevanato - Financial Post,Real
7,Moderna picks drugmaker Catalent to manufacture potential COVID-19 vaccine - Financial Post,Real
8,Canada's mortgage insurer tightens rules as it forecasts home-price drop of up to 18% - Financial Post,Real
9,Ski-Doo maker BRP reports $226-million loss as growth skids in pandemic - Financial Post,Real
10,Ex-Apple engineers aim to help U.S. hardware makers troubleshoot from home - Saskatoon StarPhoenix,Real
11,Posthaste: CMHC is making it harder to get a mortgage ‘just when the economy needs all the help it can get’ - Financial Post,Real
12,Virgin Galactic Flight Test Program Update: SpaceShipTwo Preparing for Second Test Flight from New Mexico - Financial Post,Real
13,Starbucks forecasts over $2 bln drop in quarterly income as COVID-19 hits - Financial Post,Real
14,Posthaste: Here are three promising data points that show the Canadian economy is ready to rebound - Financial Post,Real
15,"Vale, JBS Ordered to Shut Units in Brazil Due to Virus Outbreaks - Regina Leader-Post",Real
16,Pig trial of AstraZeneca's COVID-19 vaccine shows promise with two shots - Financial Post,Real
17,Trump admin selects 5 coronavirus vaccine candidates as finalists - NYT - Financial Post,Real
18,Pig trial of AstraZeneca's COVID-19 vaccine shows promise with two shots - Financial Post,Real
19,Europe steps up tech battle vs coronavirus with German app - Financial Post,Real
20,"Posthaste: Stock markets may be on fire, but 75% of business leaders expect a prolonged global recession - Financial Post",Real
21,Vietnam brewer Sabeco sees first signs of post-pandemic recovery - Regina Leader-Post,Real
22,Saudi Arabia’s economy is in tatters. Can its crown prince fix his mistakes?,Real
23,Hundreds of Canadians working in U.S. could be affected by Trump’s visa ban,Real
24,COVID-19 lawsuit takes on McDonald’s like it was a rowdy bar,Real
25,"COVID-19 rent aid for businesses, landlords to cost $520 million, PBO says",Real
26,Apple to close some U.S. stores again as COVID-19 spikes,Real
27,Dollarama sees 2.4% drop in sales as shoppers stayed home in COVID-19 pandemic,Real
28,Canada Goose expects ‘negligible’ revenue this quarter because of COVID-19 shutdown,Real
29,Home construction is proving more resilient to COVID-19 crisis than other sectors of the economy,Real
30,‘Health and Safety is the new Black’: How COVID-19 will permanently change Canada’s retail sector – podcast,Real
31,Diane Francis: The 'unethical' business models that underwrite social media - Financial Post,Real
32,Tetra Tech Provides Third Quarter and Fiscal Year 2020 Guidance - Financial Post,Real
33,"Tech selloff weighs on S&P 500, Nasdaq - Financial Post",Real
34,"U.S. CDC reports 2,414,870 coronavirus cases - Financial Post",Real
35,Low gas prices outweigh high food costs to push Canada’s May inflation rate down by 0.4%,Real
36,Canada’s biggest banks wind down extra pandemic pay given to some employees,Real
37,Even pharmaceutical companies are struggling to find their way through a global health crisis,Real
38,"Migrant workers in Canada face unsafe working, living conditions: report",Real
39,"Feds prepared to push back against any new U.S. tariffs on aluminum, Duclos says",Real
40,Federal economics and fiscal ‘snapshot’ coming July 8: Trudeau,Real
41,Canada to extend CERB for those still dealing with temporary job losses: Trudeau,Real
42,Federal economics and fiscal ‘snapshot’ coming July 8: Trudeau,Real
43,"CERB to be extended by 8 weeks, Trudeau announces",Real
44,"Canada’s economy shrinks 8.2% in first quarter, worst showing since financial crisis",Real
45,Trudeau’s aid program for large businesses gives out no loans in its first month,Real
46,"‘It’s about survival’: Companies increase storage, reconsider supply chains amid lockdowns",Real
47,"Business leaders confident their companies will recover quickly, but worry tax hikes are on the horizon",Real
48,Canada’s GDP sees worst one-month drop on record in March — and April is going to be even worse,Real
49,Tesla Wouldn't Be Tesla Without Stimulus Spending - Financial Post,Real
50,CERB worked almost too well — now Trudeau needs to wean 7 million people off it,Real
51,Trump administration selects five coronavirus vaccine candidates as finalists - NYT - Financial Post,Real
52,"Financial assistance programs can help you through the pandemic, developing new sources of income can help you afterward",Real
53,"Reitmans to cut Thyme Maternity and Addition Elle brands and 1,400 jobs in restructuring",Real
54,"Stephen Poloz’s quick jump into Corporate Canada looks bad, but is there more to it?",Real
55,Bank of Canada policy makers ‘hopeful’ economy can avoid worst-case outcome,Real
56,World Bank predicts worst recession in 80 years amid coronavirus,Real
57,"Restaurants still bleeding despite reopening dining rooms, industry group says",Real
58,‘They can’t draw any cash on the line’: Athabasca Oil eyes support from Ottawa after banks slash credit facility by 65%,Real
59,"Alberta couple has $1.5 million in financial assets, but shaky job market could derail retirement plans",Real
60,CrossFit CEO apologizes for George Floyd tweet after Reebok cuts ties,Real
61,Howard Levitt: False claims are rife as companies and employees take advantage of CERB,Real
62,"Canada unexpectedly adds 290,000 jobs on gradual reopening",Real
63,Canada’s factory sales plummet record 28.5% in April,Real
64,Food makers are burning through cash to hoard ingredients for fear of more supply chain disruptions,Real
65,Chesapeake Energy Plans Bankruptcy That May Give Lenders Control - Financial Post,Real
66,No surge in domestic violence cases during COVID-19 lockdown — but it’s happening,Real
67,Jobs numbers show economic green shoots – but they’ll need a lot of feeding and watering,Real
68,"Food shortages loom as outbreaks move from meat plants to bakeries, fruit, vegetable and dairy facilities",Real
69,Hotels rethink the rituals of hospitality as they prepare to reopen,Real
70,"Reopening Canada: The economy survived the crash, but making it thrive again will depend on all of us",Real
71,How Stephen Poloz proved the naysayers wrong,Real
72,Trudeau pushes wage subsidy as expansion to small-business aid program is delayed,Real
73,"Enbridge to cut salaries, offer 800 staff early retirement, severance",Real
74,One in 4 Alberta CEOs say they don’t know if their business can survive this crisis,Real
75,"Federal deficit could hit $256 billion, PBO says in new report",Real
76,Loblaw to end extra pandemic pay for front-line workers,Real
77,Toronto Star parent company Torstar sold to NordStar Capital in $52M deal,Real
78,What if an employee refuses to be tested for COVID-19? One option: You can fire them,Real
79,"The Westons could have changed workers’ lives, but would rather government do it",Real
80,Air travel is about to go through its biggest transformation since 9/11 — and passengers will pay for it,Real
81,Alberta lifts economic lockdown in an effort to rein in high unemployment,Real
82,These are the COVID-19 vaccine and treatment plays that are making investors a fortune,Real
83,Bank of Canada holds rate at 0.25%: Read the official statement,Real
84,"Ottawa to consider non-traditional data to revive economy, rework pandemic aid: Morneau",Real
85,"Prices for some things rising faster than the inflation rate, Bank of Canada says",Real
86,This is how much eight more weeks of CERB will cost us,Real
87,"Canada faces ‘prolonged and bumpy’ recovery even after lockdowns end, central banker warns",Real
88,"As Bank of Canada quells sub-zero rates talk, its next move may be a hike in 2022",Real
89,"‘A nightmare for employers’: Companies getting ready to bring staff back to work, but lack of childcare a major obstacle",Real
90,Stocks are falling today as investors get nervous about surge of COVID-19 infections in southern states,Real
91,‘Great time for Alberta to take Banff back’: Tourist towns seek locals as international visitors vanish,Real
92,Virgin Galactic Flight Test Program Update: SpaceShipTwo Preparing for Second Test Flight from New Mexico - The Kingston Whig-Standard,Real
93,‘Burning cash for years’: Pair acquiring Torstar eye growth while vowing to keep progressive values,Real
94,"Elon Musk tweets ‘time to break up Amazon,’ escalating feud with Jeff Bezos",Real
95,Big changes not in the cards as the Bank of Canada’s Tiff Macklem era begins,Real
96,Domestic travel picking up in Canada as people stay closer to home due to pandemic: report,Real
97,"Extending CERB for months could double $60-billion budget, PBO report suggests",Real
98,"Reopening Canada: The deep freeze is over, but real estate markets still a long way from normal",Real
99,‘It’s going to be felt at the pump’: Ontario could see gas price hikes if Enbridge’s Line 5 stays shut,Real
0,COVID-19 cases surge as reopenings continue,Real
1,COVID-19 hits black Medicare patients hard,Real
2,Impact of the COVID-19 pandemic on mental health worldwide,Real
3,"Eye Opener: U.S. sees 100,000 COVID-19 deaths",Real
4,COVID-19 liability waivers now part of everyday business,Real
5,Texas reports record high number of hospitalized COVID-19 patients,Real
6,Risks of putting COVID-19 social distancing measures on hold,Real
7,New studies show many with COVID-19 have no symptoms,Real
8,"Stocks fall on COVID-19's spread, Fed's cautious comments",Real
9,Trump to campaign in Arizona as COVID-19 cases climb,Real
10,Students bring COVID-19 back from Myrtle Beach trips,Real
11,Largest single-day increase in COVID-19 cases worldwide,Real
12,"New Zealand eradicates COVID-19, at least for now",Real
13,SCOTUS allows restrictions on church attendance amid COVID-19,Real
14,How COVID-19 is impacting black people disproportionately,Real
15,Carnival sued by passengers alleging negligence over COVID-19,Real
16,Cuomo: Protesters should assume they've been exposed to COVID-19,Real
17,Songs for our times: A COVID-19 playlist,Real
18,Florida sees rise in COVID-19 cases amid reopening,Real
19,COVID-19 plasma donation: What you need to know,Real
20,COVID-19 plasma donation: What you need to know,Real
21,Dozens of rhinos dehorned to prevent COVID-19 poaching surge,Real
22,FDA allowed distribution of flawed COVID-19 antibody tests,Real
23,Texas governor might add more COVID-19 restrictions,Real
24,Poll shows many Americans skeptical about COVID-19 vaccine,Real
25,Couple reunites after months apart due to COVID-19,Real
26,Tech exec charged in COVID-19 testing fraud,Real
27,Eye Opener: Florida hits new COVID-19 infection record,Real
28,"What ""superforecasters"" predict for the COVID-19 pandemic",Real
29,"Church falsely claims filtration system ""kills"" COVID-19",Real
30,COVID-19 deaths soar in Latin America and the Caribbean,Real
31,Cuomo: Protesters should assume they've been exposed to COVID-19,Real
32,Small business survived fires and floods — then COVID-19 happened,Real
33,Steroid drug reduces death risk in severe COVID-19 cases,Real
34,Staying vigilant: Tracking COVID-19 developments as the country reopens,Real
35,Inside the plasma therapy used to treat COVID-19,Real
36,Amazon workers sue after allegedly bringing COVID-19 home,Real
37,COVID-19 puts summer camp plans on hold,Real
38,Monkeys snatch COVID-19 blood samples from college in India,Real
39,How America celebrated Memorial Day amid COVID-19,Real
40,COVID-19 forces top Paris restaurants to turn to takeout,Real
41,"More than 100,000 COVID-19 deaths in the U.S.",Real
42,Texas governor might add more COVID-19 restrictions,Real
43,Texas reports record high number of hospitalized COVID-19 patients,Real
44,Texas reports record high number of hospitalized COVID-19 patients,Real
45,Steroid drug reduces death risk in severe COVID-19 cases,Real
46,Two major COVID-19 studies retracted after data inconsistencies,Real
47,"Dunkin' hiring 25,000 people amid signs of COVID-19 recovery",Real
48,NYC plans to reopen as nation weighs COVID-19 risks,Real
49,How COVID-19 is driving the creativity of musicians,Real
50,Watch live: Cuomo gives update on pandemic and protests,Real
51,"In Sonoma County, a hint at the rebound prospects for U.S. business",Real
52,Why the coronavirus crash is hurting women more than men,Real
53,"Cuomo: Don't ""blur the lines"" between looters and protesters",Real
54,American Airlines cutting 30% of management jobs,Real
55,Triplets test positive for coronavirus on the day they're born,Real
56,Ex-cop charged in George Floyd death moved twice in same day,Real
57,Vulnerable GOP senators leave Trump out of campaign ads,Real
58,"100,000: Honoring the sobering milestone of COVID's impact",Real
59,Amazon COVID-19 publicity video airs as news on TV stations,Real
60,New Zealand discharges last coronavirus patient,Real
61,"As COVID cases rise, these are the symptoms to look out for",Real
62,"N.Y., N,J., Connecticut: Visitors from virus hot spots must quarantine",Real
63,"Fed chief: Virus hurting ""those least able to bear its burdens""",Real
64,Ex-cop charged in George Floyd death moved to 2 jails in same day,Real
65,When losing a job means scrambling for health insurance,Real
66,"Trump to address student crowd of 3,000 in Phoenix as White House officials downplay virus threat",Real
67,Beijing confirms its first new coronavirus case in almost two months,Real
68,Trump rally-goers must agree they won't sue if they contract coronavirus,Real
69,"Roy Cooper says full GOP convention in Charlotte ""very unlikely""",Real
70,Universities get set for class with coronavirus in mind,Real
71,Saudi Arabia is battling a 2nd wave of coronavirus infections,Real
72,China races to contain a second wave of coronavirus cases in Beijing,Real
73,China races to contain a surge of new coronavirus cases in Beijing,Real
74,"Recreating the ""great outdoors"" in miniature",Real
75,"Amazon to turn 125,000 pandemic hires into permanent jobs",Real
76,Some plasma donors may be more beneficial to COVID-19 treatment,Real
77,Trump rally-goers must agree they won't sue if they contract coronavirus,Real
78,Workers urge Disney to delay July reopening of Florida theme parks,Real
79,Coronavirus cases surging in Florida and Texas amid reopening,Real
80,"Congo is battling coronavirus, measles and a new Ebola outbreak",Real
81,"Amazon's ""disinfectant fog"" wasn't approved by EPA",Real
82,How the pandemic changed TV commercials,Real
83,U.S. deports Iranian scientist acquitted in trade secrets case,Real
84,Beijing confirms its first new coronavirus case in almost two months,Real
85,Houston weighs another lockdown as virus cases surge,Real
86,How will college campuses look as fall semesters begin amid the coronavirus pandemic?,Real
87,Cuomo warns of virus resurgence in N.Y. as cases rise elsewhere,Real
88,Drug touted by Trump fails to prevent COVID-19 in study,Real
89,Concerns raised about two major studies on drug for COVID-19,Real
90,"Remembering the victims of COVID-19 as death toll reachers 100,000",Real
91,Doctors warn of potentially deadly blood clots in COVID-19 patients,Real
92,"Rats may get aggressive due to COVID-19 closures, CDC warns",Real
93,"Rare ""super"" antibodies could be key in COVID-19 vaccine race",Real
94,Brazil becomes second country to surpass 1 million COVID-19 cases,Real
95,Trump dismisses virus concerns after several staffers test positive for COVID-19,Real
96,"Domestic workers face low pay, no health coverage, and COVID-19",Real
97,Independent report slams handling of COVID-19 outbreak at Holyoke Soldiers' Home,Real
98,"Experts warn of ""disturbing surge"" in COVID-19 cases as Trump speaks to packed crowd",Real
99,Trump campaign requires Tulsa rally ticket-holders to sign COVID-19 waiver,Real
0,PepsiCo factory in Beijing closed after eight test positive to coronavirus,Real
1,Coronavirus update: US records its highest daily infection rise in two months,Real
2,"Victorian outbreak 'part of living with COVID-19', PM says",Real
3,COVID-19 efforts identify more homeless in regional WA town,Real
4,New Zealand to lift all COVID-19 restrictions from midnight,Real
5,"Nathan Turner did not have COVID-19, autopsy shows",Real
6,World Health Organization reports record daily increase in COVID-19,Real
7,Western Sydney man becomes latest locally acquired COVID-19 case,Real
8,COVID-19 trial indicates cheap steroid can save lives,Real
9,Coronavirus update: Study suggests Italy had COVID-19 in December,Real
10,Essendon's Conor McKenna returns second negative COVID-19 test result,Real
11,How COVID-19 test results can be wrong and right,Real
12,This moment in time: Reflections on life in isolation,Real
13,Australian cheese lovers save regional businesses by ordering online 'rescue boxes',Real
14,Three-year-old child among new WA coronavirus cases,Real
15,Queensland eases restrictions early: Here's what's changing,Real
16,How to support Indigenous business during COVID-19,Real
17,"NSW reaches major coronavirus milestone, two weeks of no community transmission",Real
18,Live: NSW Now: Newmarch House cleared of all COVID-19 cases,Real
19,Australia's spies are concerned the far-right is exploiting coronavirus to spread message of hate,Real
20,What you need to know about gyms reopening tomorrow in NSW after coronavirus lockdown,Real
21,Court prohibits refugee rights protest in Sydney after NSW Police appeal,Real
22,Pakistan's tour of England still on track despite 10 players contracting coronavirus,Real
23,AFL limits contact at training to small groups amid coronavirus fears,Real
24,'Critically unwell' COVID-19 patient survives to celebrate 50th wedding anniversary,Real
25,Peak medical body says people may have restriction fatigue and risk of second wave is 'live possibility',Real
26,NSW records first locally acquired coronavirus transmission in weeks,Real
27,Coronavirus outbreak on Fremantle live export ship doubles in size as more crew test positive,Real
28,Student at Melbourne secondary school tests positive to coronavirus,Real
29,Labor MPs who went to Black Lives Matter protests to take coronavirus tests,Real
30,Wet wipes give no satisfaction at the other end — just ask these guys,Real
31,Five-month-old Tevy was born and died in prison amid Cambodia's war on drugs,Real
32,Malaria drug taken by Donald Trump for coronavirus withdrawn by US regulators,Real
33,Perth artist Nathan Beard stages a COVID-19-safe exhibition in Animal Crossing: New Horizons,Real
34,Struggling arts industry to get $250m coronavirus rescue package,Real
35,"COVID-19 concerns force cancellation of New York City, Berlin marathons",Real
36,US coronavirus cases reach biggest single-day increase of pandemic,Real
37,'I cannot sugarcoat this': Coronavirus pours 'accelerant' on university's economic fire,Real
38,Victorian Premier flags 'staggered return' to work if coronavirus is kept under control,Real
39,Why are so many Indonesian children dying from coronavirus?,Real
40,Plasma from COVID-19 survivors could help new patients beat coronavirus,Real
41,'Sheer idiocy': NT AMA slams decision to open Territory borders on July 17,Real
42,Liverpool fans turn city red with title celebrations amid COVID-19,Real
43,Vaccine experts say basic research in Australia is ‘horribly underfunded’ and that needs to change,Real
44,'Fire season is coming': Concern over use of QFES funding for COVID-19 expenses,Real
45,Rex airline makes face masks compulsory despite easing of COVID-19 travel restrictions,Real
46,"Airbnb policy changes 'misled and deceived', says customer who can't get COVID-19 travel refund",Real
47,Mailbox misinformation: The COVID-19 infodemic battle is taking place offline too,Real
48,'Australian pride' drives country women to snap up brand born under COVID-19 lockdown,Real
49,"Years before COVID-19, this performance artist was exploring how we respond to emergencies",Real
50,Health authorities probe mystery COVID-19 infection of man in his 20s,Real
51,School closed after grade five student tests positive for COVID-19,Real
52,Disability workers told no 'actual safety risk exists' as they fight for COVID-19 pay rise,Real
53,How seed savers are supporting communities across Australia during the COVID-19 pandemic,Real
54,"UK lockdown a week earlier could have halved UK COVID-19 deaths, scientist says",Real
55,Coronavirus update: Brazil reopens shops despite spike in COVID-19 deaths,Real
56,Coronavirus update: 'Major breakthrough' as trial shows cheap steroid can reduce COVID-19 death rates,Real
57,Ardern calls in military leader to oversee NZ quarantine after two travellers with COVID-19 released,Real
58,"Tasmania ends COVID-19 racing shutdown, but there are fears it won't get back on track",Real
59,Aussie economy and miners to profit from Brazil's COVID-19 outbreak,Real
60,"COVID-19 killed relatively few Australians. What else is killing us, and can we stop it?",Real
61,"Beijing says new COVID-19 outbreak under control, but travel suspended to stop spread",Real
62,"Climate change 'shouldn't take a back seat' during COVID-19 pandemic, Pacific leaders say",Real
63,Dimitrov tests positive for COVID-19 after playing in Djokovic's maligned tournament,Real
64,Second player from Novak Djokovic's 'boneheaded' tournament tests positive to COVID-19,Real
65,AFP investigates false claims Labor Eden Monaro by-election candidate infected with COVID-19,Real
66,Want to know what a city looks like post-COVID-19? Look no further than Perth,Real
67,Melbourne waste facility COVID-19 cluster emerges as Premier voices concerns over protest,Real
68,"India is rapidly approaching 400,000 COVID-19 cases, but has 'no community transmission'",Real
69,Live: National Cabinet meets for first time since protests sparked COVID-19 transmission fears,Real
70,Former judge laments 'alarming lack of oversight' during COVID-19 emergency,Real
71,Coronavirus update: US protesters encouraged to get tested for COVID-19,Real
72,Live: 'Enormous relief' as Newmarch House nursing home cleared of COVID-19,Real
73,Concerns latest COVID-19 case knew he was at risk before travelling,Real
74,'It just hit me': Millennials facing biggest economic scars from COVID-19,Real
75,ASIO detects a worrying spike in extremist activity online during COVID-19 lockdown,Real
76,What kind of progress are we making? A snapshot of Australia's COVID-19 fight,Real
77,"Meth-related hospital admissions are down due to COVID-19, but medics are worried",Real
78,"Live: Victoria records eight new COVID-19 cases, Premier wants people working from home through June",Real
79,Coronavirus update: New Zealand has only one known case of COVID-19,Real
80,Concerns that COVID-19 could force thousands into 'unsafe' Work for the Dole programs,Real
81,'That covidiot will wind up with the Mileys!' Slang in the time of COVID-19,Real
82,Coronavirus update: 'Major breakthrough' as trial shows cheap steroid can reduce COVID-19 death rates,Real
83,'More skin time': New mums savour 'peaceful' hospital COVID-19 restrictions,Real
84,Learning 'to live with the virus': Canberra eases COVID-19 restrictions even further,Real
85,Coronavirus update: Brazil backtracks on removal of COVID-19 data after court ruling,Real
86,"High household debt, property downturn expose Australia to a COVID-19 'double hit', OECD warns",Real
87,NSW vs Victoria: Who has the higher COVID-19 testing rate?,Real
88,Counting the COVID-19 costs — the heath success that sparked a fury,Real
89,COVID-19 has created an 'opportunity' for smokers like Cheynee to cut down the habit,Real
90,"England risks COVID-19 resurgence by ending lockdown too soon, experts warn",Real
91,Melbourne packaging facility closed as seven more people contract COVID-19,Real
92,Sex workers fear choice between paying rent and obeying COVID-19 rules,Real
93,Morrison and Johnson discuss push for independent investigation into COVID-19,Real
94,How an 'army of foot soldiers' helped Thailand successfully contain COVID-19,Real
95,Coronavirus update: Doctors raise 'serious scientific questions' about data behind hydroxychloroquine study,Real
96,World's oldest bookie hopes iconic outback races can defy coronavirus odds,Real
97,"Live: NSW Now: Bulldogs forward in isolation, 49 people tested after coronavirus scare",Real
98,"100,000 coronavirus tests 'really stretched' Victoria. So how did Wuhan test almost 1.5m people in one day?",Real
99,Drivers rethink social media after one loses Formula E ride for using gamer as ring-in,Real
